time,loss,val_loss,batch_size
0.0,0.04749588668346405,0.047639403492212296,
0.7966086864471436,0.03697489947080612,0.024759138002991676,256.0
0.21672892570495605,0.01626264862716198,0.011300291866064072,256.0
0.226884126663208,0.008746594190597534,0.00732460618019104,256.0
0.22815799713134766,0.006662477273494005,0.006202505435794592,256.0
0.2443852424621582,0.005841683130711317,0.00556344585493207,256.0
0.24820661544799805,0.005311999469995499,0.005125925410538912,256.0
0.2478933334350586,0.0049749412573874,0.004828464239835739,256.0
0.23276400566101074,0.004693605937063694,0.004609815776348114,256.0
0.2619190216064453,0.004461889620870352,0.004360579419881105,256.0
0.26380348205566406,0.00424174452200532,0.004118397366255522,256.0
0.2192094326019287,0.004016669932752848,0.0038990764878690243,256.0
0.2432267665863037,0.003813259769231081,0.003714961465448141,256.0
0.23485302925109863,0.0036195479333400726,0.0035199399571865797,256.0
0.22853565216064453,0.0034268314484506845,0.003329929895699024,256.0
0.23062992095947266,0.003252935828641057,0.0031723103020340204,256.0
0.24610280990600586,0.003081388771533966,0.0029934151098132133,256.0
0.23032665252685547,0.0028943431098014116,0.0028393978718668222,256.0
0.24887824058532715,0.002714343834668398,0.0026483216788619757,256.0
0.2559506893157959,0.0025558278430253267,0.0024900054559111595,256.0
0.2836489677429199,0.0023913285695016384,0.0023332599084824324,256.0
0.2691218852996826,0.00224793772213161,0.002197975292801857,256.0
0.2640986442565918,0.0021265707910060883,0.002079147147014737,256.0
0.27209949493408203,0.002002342604100704,0.001961120869964361,256.0
0.28061842918395996,0.0018943238537758589,0.0018456614343449473,256.0
0.2846791744232178,0.0018009060295298696,0.0017968807369470596,256.0
0.296245813369751,0.001712348428554833,0.0016709568444639444,256.0
0.2786729335784912,0.0016421839827671647,0.0016218009404838085,256.0
0.2659182548522949,0.0015824560541659594,0.0015586393419653177,256.0
0.25095510482788086,0.0015283250249922276,0.0015200842171907425,256.0
0.2390131950378418,0.0014729455579072237,0.0014576687244698405,256.0
0.2542383670806885,0.0014190514339134097,0.0013907921966165304,256.0
0.24460053443908691,0.001361012808047235,0.0013515623286366463,256.0
0.2332625389099121,0.0013197701191529632,0.0012821626150980592,256.0
0.26143908500671387,0.0012694518081843853,0.0012413747608661652,256.0
0.24730992317199707,0.001218046061694622,0.001178317004814744,256.0
0.24736690521240234,0.0011689201928675175,0.001133255078457296,256.0
0.264864444732666,0.001118637970648706,0.0010729709174484015,256.0
0.26209068298339844,0.001069666352123022,0.0010245428420603275,256.0
0.228729248046875,0.0010374729754403234,0.0009962499607354403,256.0
0.23764419555664062,0.0009931091917678714,0.0009685824625194073,256.0
0.24000954627990723,0.0009592815185897052,0.0009427251643501222,256.0
0.24342703819274902,0.0009395841043442488,0.0009425567695870996,256.0
0.24005746841430664,0.0009208908304572105,0.0009119138121604919,256.0
0.22818255424499512,0.0008960996055975556,0.0008776129689067602,256.0
0.22706842422485352,0.000881353160366416,0.0008841562084853649,256.0
0.2269744873046875,0.0008613845566287637,0.0008354728925041854,256.0
0.22720837593078613,0.0008452047477476299,0.000840163673274219,256.0
0.2344651222229004,0.0008356744656339288,0.0008068496244959533,256.0
0.2859840393066406,0.0008125424501486123,0.0008427037973888218,256.0
0.31638574600219727,0.000806173833552748,0.0007938226917758584,256.0
0.2705051898956299,0.000791698694229126,0.0007729403441771865,256.0
0.24086737632751465,0.0007770185475237668,0.0008104775915853679,256.0
0.26727867126464844,0.0007690758793614805,0.0007521676016040146,256.0
0.22449707984924316,0.0007644293364137411,0.0007775872945785522,256.0
0.21584153175354004,0.0007530240109190345,0.0007461276254616678,256.0
0.22153735160827637,0.0007419894682243466,0.0007574202609248459,256.0
0.2214066982269287,0.0007379305316135287,0.0007304470054805279,256.0
0.2133798599243164,0.0007248612237162888,0.0007237214013002813,256.0
0.22698545455932617,0.0007218510727398098,0.0007159211090765893,256.0
0.22687363624572754,0.0007115725893527269,0.0007035942981019616,256.0
0.22846174240112305,0.0006959241582080722,0.0006899384316056967,256.0
0.22559380531311035,0.0006978535675443709,0.0007015190785750747,256.0
0.2106621265411377,0.0006871074438095093,0.0006783087155781686,256.0
0.21600103378295898,0.0006841121939942241,0.0007381729665212333,256.0
0.22689485549926758,0.0006752965855412185,0.0006720648379996419,256.0
0.22296905517578125,0.0006668918649666011,0.0006836903048679233,256.0
0.2274317741394043,0.0006652619922533631,0.0006751085165888071,256.0
0.2113051414489746,0.0006638901541009545,0.000683563353959471,256.0
0.2315680980682373,0.0006534458370879292,0.0006626957911066711,256.0
0.21335887908935547,0.0006474638939835131,0.000675859278999269,256.0
0.28710079193115234,0.0006399819976650178,0.0006377295358106494,256.0
0.3138461112976074,0.0006320467800833285,0.0006400825805030763,256.0
0.29164671897888184,0.0006258022622205317,0.0006222886731848121,256.0
0.29124975204467773,0.0006208232953213155,0.0006635406170971692,256.0
0.2717006206512451,0.0006152040441520512,0.0006391025381162763,256.0
0.2599613666534424,0.000610933406278491,0.0006237440393306315,256.0
0.24680423736572266,0.0006056710844859481,0.0006294643389992416,256.0
0.2564258575439453,0.0006016156985424459,0.0006034672842361033,256.0
0.24470949172973633,0.0006000262801535428,0.0005965197342447937,256.0
0.25220632553100586,0.000591635936871171,0.0005923150456510484,256.0
0.23909640312194824,0.0005840521189384162,0.0006091783288866282,256.0
0.24821877479553223,0.0005798013298772275,0.0006075254641473293,256.0
0.24364614486694336,0.0005784253007732332,0.0006021106382831931,256.0
0.2517979145050049,0.0005728558171540499,0.0005750005948357284,256.0
0.24440598487854004,0.0005668945959769189,0.000577660568524152,256.0
0.24798583984375,0.0005585309118032455,0.000593284610658884,256.0
0.25234532356262207,0.0005562956212088466,0.0005772658041678369,256.0
0.23301935195922852,0.0005560349090956151,0.0005547585315071046,256.0
0.24535918235778809,0.0005532566574402153,0.0005614095716737211,256.0
0.25579094886779785,0.000545497692655772,0.0005656182183884084,256.0
0.24506855010986328,0.000543327652849257,0.0005709494580514729,256.0
0.23391008377075195,0.000550801632925868,0.0005629545194096863,256.0
0.2484114170074463,0.000536871375516057,0.0005673349369317293,256.0
0.25150179862976074,0.0005364447715692222,0.000537449843250215,256.0
0.2404005527496338,0.0005327672697603703,0.0005326925893314183,256.0
0.2324974536895752,0.000529975222889334,0.0005538481054827571,256.0
0.2926790714263916,0.0005271367263048887,0.0005343455704860389,256.0
0.29433441162109375,0.0005165637703612447,0.0005164948524907231,256.0
0.3014640808105469,0.0005168182542547584,0.0005417485372163355,256.0
0.3743770122528076,0.0005187338683754206,0.00053548498544842,256.0
0.33417844772338867,0.0005117295659147203,0.000519881839863956,256.0
0.3938305377960205,0.000508708821143955,0.0005686214426532388,256.0
0.41489696502685547,0.000508819124661386,0.0005117286927998066,256.0
0.37923383712768555,0.0005010224995203316,0.0004973623435944319,256.0
0.34597039222717285,0.0004973519244231284,0.000507749558892101,256.0
0.3361046314239502,0.0005009255255572498,0.0005065498407930136,256.0
0.29695558547973633,0.0004905384266749024,0.0005066681769676507,256.0
0.3190312385559082,0.00048699110629968345,0.0005220274324528873,256.0
0.30493998527526855,0.0004891201970167458,0.0004917759797535837,256.0
0.3175630569458008,0.00047884872765280306,0.0004940778599120677,256.0
0.3090507984161377,0.0004829897952731699,0.0005005277926102281,256.0
0.3106992244720459,0.00048263734788633883,0.00047815716243349016,256.0
0.3142719268798828,0.00047451190766878426,0.00048284672084264457,256.0
0.2935965061187744,0.000473647698527202,0.0004873138968832791,256.0
0.33643651008605957,0.00046662180102430284,0.0005021453252993524,256.0
0.30576658248901367,0.00047088824794627726,0.000494933919981122,256.0
0.31186413764953613,0.0004634690412785858,0.0005312204011715949,256.0
0.31925082206726074,0.00046228739665821195,0.0004728356725536287,256.0
0.3084125518798828,0.00045915375812910497,0.00046855027903802693,256.0
0.29273104667663574,0.0004543907125480473,0.0004839666944462806,256.0
0.29877448081970215,0.00045819650404155254,0.00047042028745636344,256.0
0.33110713958740234,0.0004522835952229798,0.00045847598812542856,256.0
0.3729541301727295,0.0004454697191249579,0.00046031270176172256,256.0
0.36215662956237793,0.00044997953227721155,0.0004701903380919248,256.0
0.35323357582092285,0.000440807081758976,0.00047201820416375995,256.0
0.3516261577606201,0.00043905587517656386,0.0004609806928783655,256.0
0.334716796875,0.0004352735122665763,0.0005110831116326153,256.0
0.3852572441101074,0.0004379757447168231,0.0004524101095739752,256.0
0.36610984802246094,0.00043516253936104476,0.0004548831202555448,256.0
0.3634657859802246,0.0004307006602175534,0.00047832613927312195,256.0
0.34415459632873535,0.0004254997766111046,0.0004469488631002605,256.0
0.3214378356933594,0.00042411682079546154,0.0005055895308032632,256.0
0.31108832359313965,0.0004230710328556597,0.0004645743465516716,256.0
0.3102576732635498,0.0004216390661895275,0.0004482053918763995,256.0
0.30948448181152344,0.00041859957855194807,0.000444015022367239,256.0
0.3044290542602539,0.0004152780747972429,0.0004477992479223758,256.0
0.3080179691314697,0.00041686100303195417,0.00045943635632283986,256.0
0.30724358558654785,0.0004193488566670567,0.0004420349723659456,256.0
0.3331947326660156,0.00040767702739685774,0.0004618004022631794,256.0
0.3470137119293213,0.00040889886440709233,0.00044638384133577347,256.0
0.3096613883972168,0.0004114032199140638,0.0004390805261209607,256.0
0.2987847328186035,0.00041008403059095144,0.00044623235589824617,256.0
0.31085634231567383,0.0004047625989187509,0.00046981393825262785,256.0
0.3151247501373291,0.00040098841418512166,0.0004380750469863415,256.0
0.3093526363372803,0.0003917358408216387,0.00044030146091245115,256.0
0.2982447147369385,0.00039516566903330386,0.0004219596739858389,256.0
0.29292798042297363,0.00038924679392948747,0.00044188983156345785,256.0
0.37714672088623047,0.0003886506601702422,0.00043752382043749094,256.0
0.38213300704956055,0.000394146132748574,0.00044430591515265405,256.0
0.3412177562713623,0.00038878494524396956,0.00043539158650673926,256.0
0.36780476570129395,0.00038912828313186765,0.0004604475398082286,256.0
0.3152289390563965,0.0003866743645630777,0.00044911992154084146,256.0
0.35284900665283203,0.0003819519479293376,0.00044021938811056316,256.0
0.37577319145202637,0.00038227051845751703,0.0004229147743899375,256.0
0.36658763885498047,0.0003796359524130821,0.00042173496331088245,256.0
0.35069990158081055,0.0003803158178925514,0.00042875102371908724,256.0
0.3410978317260742,0.0003758991078939289,0.0004179670650046319,256.0
0.2972679138183594,0.00037838960997760296,0.00041905161924660206,256.0
0.3131072521209717,0.0003754000354092568,0.00043235180783085525,256.0
0.2934424877166748,0.000376889540348202,0.00041374217835254967,256.0
0.30448484420776367,0.0003748004965018481,0.00041583276470191777,256.0
0.2930409908294678,0.0003706918505486101,0.00042408492299728096,256.0
0.2935500144958496,0.0003741043037734926,0.0004164908896200359,256.0
0.30960536003112793,0.00036964143509976566,0.00043127211392857134,256.0
0.3096022605895996,0.00036707022809423506,0.00041439977940171957,256.0
0.32111287117004395,0.0003708222648128867,0.0004496518231462687,256.0
0.3188307285308838,0.00036405737046152353,0.0004166576254647225,256.0
0.3062713146209717,0.00036489349440671504,0.0004077538615092635,256.0
0.32607531547546387,0.00035836457391269505,0.000408909167163074,256.0
0.29960131645202637,0.00036240508779883385,0.0004368881927803159,256.0
0.3073232173919678,0.00036333061871118844,0.00040783672011457384,256.0
0.3152284622192383,0.00035958539228886366,0.0004072158189956099,256.0
0.2932734489440918,0.000356782169546932,0.0004162928380537778,256.0
0.3604238033294678,0.00036158645525574684,0.0004279494460206479,256.0
0.3548591136932373,0.0003517821023706347,0.00040555105078965425,256.0
0.3490464687347412,0.00035485802800394595,0.00040751739288680255,256.0
0.34302544593811035,0.0003556578594725579,0.00041951818275265396,256.0
0.33436083793640137,0.0003600394120439887,0.00040511100087314844,256.0
0.4033937454223633,0.0003548700478859246,0.00040385453030467033,256.0
0.3773341178894043,0.0003567998646758497,0.0004093609459232539,256.0
0.36101770401000977,0.0003513143747113645,0.00043069288949482143,256.0
0.3488304615020752,0.0003534108982421458,0.0004436960443854332,256.0
0.32042956352233887,0.0003560998884495348,0.00040475913556292653,256.0
0.29825830459594727,0.000344383210176602,0.00041360349860042334,256.0
0.3035106658935547,0.0003439004358369857,0.00042176558054052293,256.0
0.29293060302734375,0.00035154176293872297,0.0003996459417976439,256.0
0.3176405429840088,0.00034656867501325905,0.00041262517333962023,256.0
0.30461764335632324,0.0003455708792898804,0.00040667649591341615,256.0
0.2943916320800781,0.0003450248623266816,0.00040003538015298545,256.0
0.2966458797454834,0.0003518512530717999,0.00039529165951535106,256.0
0.2933480739593506,0.00034390148357488215,0.0004051149298902601,256.0
0.30246782302856445,0.00034048932138830423,0.00042880544788204134,256.0
0.29251813888549805,0.0003431272052694112,0.00044677077676169574,256.0
0.28657031059265137,0.0003415487881284207,0.00040511885890737176,256.0
0.2972297668457031,0.0003376740787643939,0.0004046443209517747,256.0
0.29720306396484375,0.0003402819565963,0.0003939201415050775,256.0
0.3163869380950928,0.0003357770328875631,0.0003943561459891498,256.0
0.30164599418640137,0.0003471521195024252,0.00039425987051799893,256.0
0.3221721649169922,0.0003375450032763183,0.0003951985272578895,256.0
0.36161375045776367,0.0003346455341670662,0.0003976079751737416,256.0
0.3544325828552246,0.0003389452467672527,0.0004073412565048784,256.0
0.355074405670166,0.00033697503386065364,0.0003893173416145146,256.0
0.34696102142333984,0.00033655899460427463,0.0003870120854116976,256.0
0.3253204822540283,0.0003300393291283399,0.0004011836426798254,256.0
0.35748791694641113,0.0003326479927636683,0.0004018323088530451,256.0
0.36108994483947754,0.0003339397662784904,0.0003897800634149462,256.0
0.3560755252838135,0.000333992502419278,0.0003877703857142478,256.0
0.34195494651794434,0.0003318972303532064,0.0003885030164383352,256.0
0.31005287170410156,0.0003326970909256488,0.00039200446917675436,256.0
0.2944483757019043,0.0003298356896266341,0.0004056346951983869,256.0
0.29843974113464355,0.000333590927766636,0.00039235493750311434,256.0
0.312882661819458,0.00033459498081356287,0.00039901555282995105,256.0
0.29343342781066895,0.0003282534016761929,0.0003919498121831566,256.0
0.2999227046966553,0.0003321565454825759,0.00038631397183053195,256.0
0.31002283096313477,0.0003258513752371073,0.00040540145710110664,256.0
0.29380178451538086,0.00032913434552028775,0.00040082610212266445,256.0
0.3065366744995117,0.0003256979107391089,0.00040032542892731726,256.0
0.2935636043548584,0.00033049084595404565,0.0003915246343240142,256.0
0.29380273818969727,0.00032752237166278064,0.0004078109050169587,256.0
0.30202460289001465,0.00032520442618988454,0.0004005841037724167,256.0
0.3499131202697754,0.00032475043553858995,0.00040316677768714726,256.0
0.2977437973022461,0.0003291065222583711,0.00038668198976665735,256.0
0.29329752922058105,0.0003241080848965794,0.0004046871908940375,256.0
0.31516265869140625,0.00032669666688889265,0.00038433357258327305,256.0
0.3160672187805176,0.00032692504464648664,0.00038266470073722303,256.0
0.3638617992401123,0.00032403593650087714,0.0003856461262330413,256.0
0.3480510711669922,0.0003184653469361365,0.00038000362110324204,256.0
0.35387325286865234,0.0003284929844085127,0.00038314209086820483,256.0
0.33846187591552734,0.00032182983704842627,0.0003819802077487111,256.0
0.34377193450927734,0.00032209500204771757,0.0003763365384656936,256.0
0.36132097244262695,0.00031760442652739584,0.00037675152998417616,256.0
0.3631327152252197,0.0003160399792250246,0.00038502344978041947,256.0
0.352632999420166,0.00031816744012758136,0.00040485200588591397,256.0
0.3494551181793213,0.00032272428506985307,0.0003730854659806937,256.0
0.3024449348449707,0.0003175388555973768,0.0003684789116960019,256.0
0.31032681465148926,0.0003207225527148694,0.0003808911133091897,256.0
0.309995174407959,0.00031769060296937823,0.00037661645910702646,256.0
0.2980334758758545,0.00031289958860725164,0.0003746837901417166,256.0
0.3143622875213623,0.00031259062234312296,0.00037936255102977157,256.0
0.2950282096862793,0.0003128638491034508,0.0003746786678675562,256.0
0.30596160888671875,0.0003129547694697976,0.0003768846800085157,256.0
0.3203697204589844,0.00030944994068704545,0.00038066983688622713,256.0
0.2933540344238281,0.00031879168818704784,0.00036367206485010684,256.0
0.3119218349456787,0.0003119720204267651,0.00035911513259634376,256.0
0.2959721088409424,0.00030876576784066856,0.0003825755266007036,256.0
0.29926109313964844,0.0003082441398873925,0.0003691794699989259,256.0
0.3150486946105957,0.0003093545383308083,0.0003594185400288552,256.0
0.32553791999816895,0.0003059568698517978,0.00038684968603774905,256.0
0.30412936210632324,0.00030855892691761255,0.000363621162250638,256.0
0.30953049659729004,0.00030311138834804296,0.0003626935067586601,256.0
0.3542788028717041,0.00030677070026285946,0.00037231200258247554,256.0
0.3701941967010498,0.00030836649239063263,0.0003699355584103614,256.0
0.33535051345825195,0.0003104482020717114,0.0003525325155351311,256.0
0.3637664318084717,0.0003042072057723999,0.0003604373487178236,256.0
0.3186068534851074,0.0003088325320277363,0.00036603715852834284,256.0
0.3742399215698242,0.0003069182566832751,0.0003533214330673218,256.0
0.36727213859558105,0.00030084364698268473,0.0003520520986057818,256.0
0.3607621192932129,0.0003021793090738356,0.00035453890450298786,256.0
0.3722977638244629,0.00030044818413443863,0.000353828800143674,256.0
0.3487668037414551,0.00030409308965317905,0.0003578087780624628,256.0
0.3408684730529785,0.0003025081823579967,0.0003711046592798084,256.0
0.28802919387817383,0.00029958211234770715,0.0003625920508056879,256.0
0.314755916595459,0.00030373214394785464,0.0003518125449772924,256.0
0.30798792839050293,0.00029905932024121284,0.0003457067650742829,256.0
0.3046543598175049,0.000300056446576491,0.0003508446679916233,256.0
0.31261181831359863,0.0002995458780787885,0.0003653265303000808,256.0
0.31447458267211914,0.00029701305902563035,0.00034251686884090304,256.0
0.29298877716064453,0.0002925836597569287,0.00034585720277391374,256.0
0.29375433921813965,0.00029927329160273075,0.0003557065792847425,256.0
0.31379127502441406,0.0002937630342785269,0.00033881686977110803,256.0
0.29265809059143066,0.00029166386229917407,0.00037364286254160106,256.0
0.30588221549987793,0.00029199261916801333,0.0003424519090913236,256.0
0.30880284309387207,0.0002962232392746955,0.00035147101152688265,256.0
0.32885146141052246,0.0002938864636234939,0.0003501978353597224,256.0
0.29255223274230957,0.0002973821829073131,0.0003478330036159605,256.0
0.30894041061401367,0.000292029493721202,0.00034017747384496033,256.0
0.37125682830810547,0.0002941449056379497,0.0003515685093589127,256.0
0.3602030277252197,0.00029244416509754956,0.0003427346237003803,256.0
0.3444821834564209,0.00028968832339160144,0.0003652029554359615,256.0
0.3587613105773926,0.0002920929982792586,0.0003745863796211779,256.0
0.3130836486816406,0.00029086132417432964,0.0003428105264902115,256.0
0.3633725643157959,0.0002898161765187979,0.0003392008657101542,256.0
0.3674633502960205,0.00028875807765871286,0.00034402532037347555,256.0
0.3735237121582031,0.00028623806429095566,0.0003352162311784923,256.0
0.339306116104126,0.00028710393235087395,0.0003470501978881657,256.0
0.3367180824279785,0.0002872649929486215,0.0003336586814839393,256.0
0.29933714866638184,0.0002905519213527441,0.00039189294329844415,256.0
0.3078012466430664,0.0002849948650691658,0.0003433872479945421,256.0
0.3003830909729004,0.00028413813561201096,0.0003370062622707337,256.0
0.30104923248291016,0.0002870370226446539,0.0003307947772555053,256.0
0.29996442794799805,0.00028262397972866893,0.0003334142384119332,256.0
0.31473755836486816,0.0002847704163286835,0.00034533970756456256,256.0
0.2931368350982666,0.0002830271259881556,0.0003391292702872306,256.0
0.29782605171203613,0.0002824106195475906,0.0003348383179400116,256.0
0.3090639114379883,0.00028490182012319565,0.0003480078012216836,256.0
0.3022441864013672,0.000286719819996506,0.000332196825183928,256.0
0.2928273677825928,0.00028176457271911204,0.0003448443312663585,256.0
0.29628467559814453,0.000279539090115577,0.00032826728420332074,256.0
0.336773157119751,0.00028324784943833947,0.0003547652449924499,256.0
0.3090794086456299,0.00027971953386440873,0.0003404883318580687,256.0
0.31073570251464844,0.0002800944494083524,0.0003454012330621481,256.0
0.2963979244232178,0.0002837677311617881,0.0003378138062544167,256.0
0.3572101593017578,0.00027786119608208537,0.00033202129998244345,256.0
0.36058616638183594,0.00028316894895397127,0.00035856146132573485,256.0
0.34717273712158203,0.00028060347540304065,0.0003345840668771416,256.0
0.36720967292785645,0.00027668997063301504,0.00034046717337332666,256.0
0.32697439193725586,0.00028202671092003584,0.00034097605384886265,256.0
0.368152379989624,0.0002756628964561969,0.00033474774681963027,256.0
0.3786153793334961,0.00028035452123731375,0.0003302693658042699,256.0
0.3621339797973633,0.00028396688867360353,0.000347385328495875,256.0
0.3428366184234619,0.0002746399841271341,0.0003375801315996796,256.0
0.32187604904174805,0.0002749382401816547,0.00033012370113283396,256.0
0.31717610359191895,0.000279433821560815,0.00033581317984499037,256.0
0.3117201328277588,0.0002769966667983681,0.0003256764612160623,256.0
0.29782891273498535,0.00027044714079238474,0.0003203443484380841,256.0
0.311553955078125,0.0002711910055950284,0.00032866792753338814,256.0
0.3095693588256836,0.00027370802126824856,0.000329968286678195,256.0
0.2964591979980469,0.0002766961115412414,0.0003300924727227539,256.0
0.2963988780975342,0.00027221100754104555,0.00033763592364266515,256.0
0.31787610054016113,0.0002729799598455429,0.0003375883970875293,256.0
0.3095560073852539,0.0002705871593207121,0.00032090136664919555,256.0
0.30452728271484375,0.0002682805643416941,0.0003295239293947816,256.0
0.3119015693664551,0.000274641381110996,0.00031803673482500017,256.0
0.2982606887817383,0.0002703856735024601,0.0003180702042300254,256.0
0.3117485046386719,0.0002702564524952322,0.0003185957612004131,256.0
0.31041669845581055,0.00027035814127884805,0.00033209696994163096,256.0
0.3035550117492676,0.00027332641184329987,0.0003310571191832423,256.0
0.31839823722839355,0.0002659887832123786,0.0003223086823709309,256.0
0.3658146858215332,0.0002726651728153229,0.00031719572143629193,256.0
0.35027384757995605,0.00026820460334420204,0.00033433380303904414,256.0
0.3476896286010742,0.00026896054623648524,0.00031769502675160766,256.0
0.34013962745666504,0.00027546880301088095,0.0003552878915797919,256.0
0.3442697525024414,0.0002684103383217007,0.00031304502044804394,256.0
0.3703904151916504,0.0002620405575726181,0.00034932102425955236,256.0
0.36966633796691895,0.00026635811082087457,0.00033509539207443595,256.0
0.3956565856933594,0.0002640222664922476,0.00032576144440099597,256.0
0.37099504470825195,0.00026370075647719204,0.0003142399655189365,256.0
0.3197636604309082,0.0002634092525113374,0.00032445930992253125,256.0
0.2872791290283203,0.00026221133884973824,0.0003085823846049607,256.0
0.30498194694519043,0.00026670435909181833,0.00031337482505477965,256.0
0.3372950553894043,0.00026680328301154077,0.0003208682464901358,256.0
0.3065633773803711,0.0002639079175423831,0.000331944233039394,256.0
0.2964143753051758,0.00026436737971380353,0.00035800092155113816,256.0
0.29407548904418945,0.00026134331710636616,0.0003176773898303509,256.0
0.2955355644226074,0.0002679339668247849,0.0003122034249827266,256.0
0.30420899391174316,0.00026234344113618135,0.0003099764871876687,256.0
0.29767680168151855,0.0002606278285384178,0.0003169755800627172,256.0
0.3053159713745117,0.0002596158010419458,0.0002988571359310299,256.0
0.29312562942504883,0.00026515810168348253,0.0003472846874501556,256.0
0.29082250595092773,0.00026359109324403107,0.0003256825730204582,256.0
0.3152120113372803,0.0002628992951940745,0.0003049351798836142,256.0
0.2958827018737793,0.0002565316972322762,0.00030830243485979736,256.0
0.29900407791137695,0.0002572269586380571,0.00030707198311574757,256.0
0.33948540687561035,0.0002582466113381088,0.0003086250217165798,256.0
0.36945199966430664,0.0002622110478114337,0.0003042580501642078,256.0
0.3514275550842285,0.00026052631437778473,0.0003039487637579441,256.0
0.3487894535064697,0.00025662058033049107,0.00033934885868802667,256.0
0.33586859703063965,0.0002565522736404091,0.00033285515382885933,256.0
0.3388509750366211,0.00025921297492459416,0.00030133570544421673,256.0
0.3631587028503418,0.0002567375486250967,0.0003071928513236344,256.0
0.3733406066894531,0.0002532908692955971,0.0003191197174601257,256.0
0.3557138442993164,0.0002593746467027813,0.00030894423252902925,256.0
0.34064197540283203,0.00025739672128111124,0.0002983800077345222,256.0
0.3074982166290283,0.00025687695597298443,0.0002937582030426711,256.0
0.3111555576324463,0.0002556618710514158,0.0002935666998382658,256.0
0.30263590812683105,0.00025618751533329487,0.00030510060605593026,256.0
0.30469799041748047,0.0002580003347247839,0.0002968995540868491,256.0
0.29585981369018555,0.0002517386164981872,0.00030095287365838885,256.0
0.3058347702026367,0.0002528567856643349,0.0002954549854621291,256.0
0.2950313091278076,0.0002530716883484274,0.0003080459136981517,256.0
0.29462647438049316,0.0002540613349992782,0.0003070235252380371,256.0
0.29451680183410645,0.00025592019665054977,0.00029192151851020753,256.0
0.3116466999053955,0.00025067979004234076,0.0003219250065740198,256.0
0.3195347785949707,0.00025033889687620103,0.00029744344647042453,256.0
0.33371448516845703,0.0002531945356167853,0.00030701590003445745,256.0
0.31012582778930664,0.00025171140441671014,0.0002965691382996738,256.0
0.2925138473510742,0.00024803707492537796,0.00029636992258019745,256.0
0.29902052879333496,0.0002543283044360578,0.00029438233468681574,256.0
0.3032195568084717,0.0002480049151927233,0.0002951872884295881,256.0
0.3432462215423584,0.0002502689603716135,0.00031559643684886396,256.0
0.3618957996368408,0.00024879362899810076,0.0002894087228924036,256.0
0.35105156898498535,0.000243295420659706,0.0002913115604314953,256.0
0.35718536376953125,0.00024812540505081415,0.00028968582046218216,256.0
0.3357973098754883,0.00024717586347833276,0.00028423708863556385,256.0
0.346973180770874,0.0002468022867105901,0.0003107558295596391,256.0
0.36449122428894043,0.0002468582533765584,0.0003011602093465626,256.0
0.36155128479003906,0.00024295425100717694,0.00028701499104499817,256.0
0.35378313064575195,0.0002463379641994834,0.00030994528788141906,256.0
0.3487887382507324,0.0002494094369467348,0.0003150331904180348,256.0
0.31659650802612305,0.0002461724216118455,0.0002904024440795183,256.0
0.30520009994506836,0.0002457694208715111,0.00029654757236130536,256.0
0.30846714973449707,0.0002455590874888003,0.00028945450321771204,256.0
0.30724549293518066,0.00024411127378698438,0.00028692680643871427,256.0
0.29650211334228516,0.0002536412503104657,0.0002985090250149369,256.0
0.30234622955322266,0.0002517869579605758,0.000287822971586138,256.0
0.31337928771972656,0.00024160786415450275,0.0002854119229596108,256.0
0.30907726287841797,0.0002428274747217074,0.00029095305944792926,256.0
0.2998664379119873,0.00024297974596265703,0.00028573733288794756,256.0
0.30942201614379883,0.00024401189875788987,0.00030001276172697544,256.0
0.2915835380554199,0.0002454168861731887,0.0002778167836368084,256.0
0.30266523361206055,0.00024042271252255887,0.00028060414479114115,256.0
0.2933487892150879,0.00023831868020351976,0.0002948417095467448,256.0
0.29735255241394043,0.00023939707898534834,0.0003000560391228646,256.0
0.28733181953430176,0.0002403389516985044,0.0002795922919176519,256.0
0.30714869499206543,0.00023728447558823973,0.0002864910347852856,256.0
0.3258655071258545,0.00023916071222629398,0.0002939861733466387,256.0
0.363908052444458,0.00024267201661132276,0.0002867844305001199,256.0
0.34589409828186035,0.0002406959974905476,0.0002839957596734166,256.0
0.3684885501861572,0.00023813052393961698,0.0002803819952532649,256.0
0.34528326988220215,0.00023849432182032615,0.0002772660809569061,256.0
0.3558344841003418,0.00023720620083622634,0.00031748766195960343,256.0
0.4056396484375,0.00023793593572918326,0.00028499934705905616,256.0
0.3735980987548828,0.00023720836907159537,0.00028094317531213164,256.0
0.34802913665771484,0.00023881554079707712,0.0002945643209386617,256.0
0.3433823585510254,0.00023686209169682115,0.0002815384359564632,256.0
0.30454349517822266,0.0002352346491534263,0.0002782063384074718,256.0
0.30624818801879883,0.0002376762859057635,0.0002834212500602007,256.0
0.3299140930175781,0.00024024602316785604,0.00030035051167942584,256.0
0.29706764221191406,0.00023853809398133308,0.0002764047821983695,256.0
0.3060767650604248,0.00023663940373808146,0.0002733225701376796,256.0
0.3174753189086914,0.00023703445913270116,0.00027488087653182447,256.0
0.3137998580932617,0.0002351446310058236,0.00027709806454367936,256.0
0.3089165687561035,0.00023502351541537791,0.00027625213260762393,256.0
0.30914926528930664,0.0002360645739827305,0.00027276205946691334,256.0
0.30472350120544434,0.00023330769909080118,0.0002691633126232773,256.0
0.3192160129547119,0.00023803659132681787,0.00027595131541602314,256.0
0.31156158447265625,0.00023940936080180109,0.0002681381592992693,256.0
0.3181145191192627,0.00023529917234554887,0.0002746814861893654,256.0
0.30953025817871094,0.00023655928089283407,0.00026993430219590664,256.0
0.3007361888885498,0.0002296867751283571,0.00027882176800630987,256.0
0.31490087509155273,0.0002332318836124614,0.00029784513753838837,256.0
0.36983799934387207,0.00023422525555361062,0.0002717530878726393,256.0
0.35522890090942383,0.00023524816788267344,0.00028625919367186725,256.0
0.3437013626098633,0.0002356167824473232,0.00028296609525568783,256.0
0.35971951484680176,0.00023729095119051635,0.0002752588770817965,256.0
0.32314538955688477,0.00022960393107496202,0.0002694524882826954,256.0
0.36603260040283203,0.00023272636462934315,0.0002757574839051813,256.0
0.3689403533935547,0.00023120478726923466,0.00026557367527857423,256.0
0.35979366302490234,0.0002298378967680037,0.0002786457189358771,256.0
0.33848142623901367,0.00023174207308329642,0.000272924080491066,256.0
0.33968377113342285,0.0002304729714524001,0.00026971325860358775,256.0
0.32167935371398926,0.00022841191093903035,0.0002726654929574579,256.0
0.290130615234375,0.00023200178111437708,0.0002863546833395958,256.0
0.3106820583343506,0.00022954712039791048,0.0002777297340799123,256.0
0.3469829559326172,0.00023468445579055697,0.0002845586568582803,256.0
0.3095693588256836,0.00022999448992777616,0.0002864385605789721,256.0
0.31354236602783203,0.00023705855710431933,0.0002700036275200546,256.0
0.3027961254119873,0.0002331134455744177,0.00028234912315383554,256.0
0.30936741828918457,0.00022969376004766673,0.00027940626023337245,256.0
0.29262685775756836,0.00022857010480947793,0.000277030369034037,256.0
0.29717111587524414,0.0002281899651279673,0.0002743832301348448,256.0
0.31139421463012695,0.00022610310406889766,0.0002838021027855575,256.0
0.3069629669189453,0.00022663400159217417,0.0002647317305672914,256.0
0.3094155788421631,0.00023369277187157422,0.0002736809547059238,256.0
0.30757665634155273,0.00022968652774579823,0.0002649928501341492,256.0
0.3179471492767334,0.00022690370678901672,0.00026460253866389394,256.0
0.3202521800994873,0.0002274044236401096,0.00027761864475905895,256.0
0.3644404411315918,0.00022870482644066215,0.0002735451562330127,256.0
0.35178446769714355,0.000228005854296498,0.0002705375663936138,256.0
0.35587477684020996,0.00022764941968489438,0.00027337524807080626,256.0
0.34046053886413574,0.00022679934045299888,0.0002726702077779919,256.0
0.3495521545410156,0.0002308834664290771,0.00026609766064211726,256.0
0.37392687797546387,0.0002259367029182613,0.0002809051948133856,256.0
0.3692739009857178,0.00022735675156582147,0.0002857187355402857,256.0
0.35173511505126953,0.00022901508782524616,0.0002654653799254447,256.0
0.3443903923034668,0.00022508943220600486,0.00026931604952551425,256.0
0.2979609966278076,0.00022532012371812016,0.00028159667272120714,256.0
0.2927274703979492,0.00022596417693421245,0.00028442058828659356,256.0
0.3190429210662842,0.00022745887690689415,0.00027654305449686944,256.0
0.29484081268310547,0.00022972177248448133,0.0002716613234952092,256.0
0.29145121574401855,0.00022307256585918367,0.0002797957567963749,256.0
0.2991325855255127,0.00022663963318336755,0.00027594290440902114,256.0
0.3017868995666504,0.0002260774781461805,0.00027454725932329893,256.0
0.3121628761291504,0.00022476127196568996,0.00026605953462421894,256.0
0.3099229335784912,0.00022791879018768668,0.00029189971974119544,256.0
0.2986898422241211,0.00022492701828014106,0.00029103163979016244,256.0
0.29738306999206543,0.00022199803788680583,0.000264722213614732,256.0
0.3086819648742676,0.0002247820229968056,0.00026572420028969646,256.0
0.30434370040893555,0.0002236697037005797,0.0002788224956020713,256.0
0.33565211296081543,0.00022401810565497726,0.00029808341059833765,256.0
0.32034850120544434,0.00022627519501838833,0.000271075579803437,256.0
0.31225061416625977,0.00022366593475453556,0.00027221941854804754,256.0
0.3674125671386719,0.00023124623112380505,0.0002673327107913792,256.0
0.36948370933532715,0.0002271683479193598,0.00026155923842452466,256.0
0.3409993648529053,0.00022583597456105053,0.0002723759680520743,256.0
0.3626394271850586,0.00022411429381463677,0.00028564894455485046,256.0
0.3236579895019531,0.00022554202587343752,0.0002656084834598005,256.0
0.3818776607513428,0.00022512191208079457,0.00027575177955441177,256.0
0.3677852153778076,0.00021874306548852473,0.00026636183611117303,256.0
0.36580681800842285,0.00022318398987408727,0.00026340203476138413,256.0
0.34590578079223633,0.0002198042639065534,0.00027606842922978103,256.0
0.3390369415283203,0.0002224621275672689,0.0002900411491282284,256.0
0.31664013862609863,0.00022478496248368174,0.00026436697226017714,256.0
0.3161027431488037,0.00022031077241990715,0.0002632537216413766,256.0
0.3036160469055176,0.00022227974841371179,0.0002896539226640016,256.0
0.2938053607940674,0.0002216189168393612,0.0002708935353439301,256.0
0.3196547031402588,0.00022331469517666847,0.00026279842131771147,256.0
0.29285645484924316,0.0002234243875136599,0.000274855614406988,256.0
0.2953670024871826,0.0002221910544903949,0.0002612775133457035,256.0
0.2979159355163574,0.0002233918639831245,0.00026310989051125944,256.0
0.3157162666320801,0.00022352911764755845,0.0002613402612041682,256.0
0.2557797431945801,0.0002189746155636385,0.0002592729579191655,256.0
0.27671313285827637,0.00021937717974651605,0.00027899001725018024,256.0
0.2684922218322754,0.0002188622165704146,0.0002604312321636826,256.0
0.24766063690185547,0.00021819713583681732,0.000269126845523715,256.0
0.22261786460876465,0.00022307210019789636,0.00026102559058927,256.0
0.2457726001739502,0.00022015708964318037,0.00025965741951949894,256.0
0.2349860668182373,0.00021860179549548775,0.00027722850791178644,256.0
0.23983073234558105,0.00022309196356218308,0.0002658803132362664,256.0
0.2272958755493164,0.00021918510901741683,0.000262483605183661,256.0
0.22771883010864258,0.0002190404338762164,0.000267962139332667,256.0
0.23058390617370605,0.0002173786924686283,0.0002616062411107123,256.0
0.2343287467956543,0.00021966111671645194,0.000258410582318902,256.0
0.22887420654296875,0.00021783256670460105,0.0002746382378973067,256.0
0.22781920433044434,0.00021674580057151616,0.0002639935410115868,256.0
0.23359084129333496,0.0002277353050885722,0.00028507463866844773,256.0
0.2272484302520752,0.00022146599076222628,0.00025387408095411956,256.0
0.23428845405578613,0.00021608793758787215,0.0002581546432338655,256.0
0.21549630165100098,0.0002213920815847814,0.0002647788787726313,256.0
0.23793315887451172,0.0002180018345825374,0.0002669832610990852,256.0
0.23647832870483398,0.00021722052770201117,0.0002601197047624737,256.0
0.24858689308166504,0.00021810455655213445,0.00026482180692255497,256.0
0.233351469039917,0.0002138674317393452,0.0002591662050690502,256.0
0.23101258277893066,0.00021690801077056676,0.00029384359368123114,256.0
0.22812175750732422,0.00022223664564080536,0.0002592109376564622,256.0
0.2316281795501709,0.00021846314484719187,0.0002607038477435708,256.0
0.2717266082763672,0.000220555899431929,0.00025362512678839266,256.0
0.2854154109954834,0.00021416251547634602,0.00027682643849402666,256.0
0.2705230712890625,0.000216196000110358,0.00025718763936311007,256.0
0.27707505226135254,0.00021333451149985194,0.0002558514825068414,256.0
0.24224448204040527,0.00021539689623750746,0.00025685306172817945,256.0
0.2749137878417969,0.0002152664674213156,0.0002549563942011446,256.0
0.28931164741516113,0.0002160908334190026,0.00030113221146166325,256.0
0.291332483291626,0.00021677014592569321,0.00025241891853511333,256.0
0.29354143142700195,0.00021611122065223753,0.000257414358202368,256.0
0.2640817165374756,0.00021433857909869403,0.0002562303561717272,256.0
0.23867535591125488,0.00021637468307744712,0.000255547056440264,256.0
0.2312486171722412,0.00021578080486506224,0.00025734835071489215,256.0
0.2272047996520996,0.00021654173906426877,0.0002522503782529384,256.0
0.2259664535522461,0.0002158505521947518,0.00025795906549319625,256.0
0.2439744472503662,0.0002131001092493534,0.00025419637677259743,256.0
0.22225666046142578,0.00021205331722740084,0.00025829768856056035,256.0
0.23818564414978027,0.000213917504879646,0.00025039594038389623,256.0
0.24216985702514648,0.0002119468554155901,0.0002633415278978646,256.0
0.23258209228515625,0.00021443497098516673,0.0002521903661545366,256.0
0.24939823150634766,0.0002120529388776049,0.000245648407144472,256.0
0.23815464973449707,0.00021225714590400457,0.0002699369506444782,256.0
0.22807669639587402,0.00021129465312696993,0.0002525396121200174,256.0
0.24406647682189941,0.00021223622024990618,0.0002552246442064643,256.0
0.2316431999206543,0.0002118574921041727,0.0002520199050195515,256.0
0.25147128105163574,0.0002174196415580809,0.00026185010210610926,256.0
0.22745966911315918,0.00021348276641219854,0.00025125834508799016,256.0
0.23182344436645508,0.0002176069829147309,0.0002711764827836305,256.0
0.2333071231842041,0.00021128544176463038,0.00024792487965896726,256.0
0.2407691478729248,0.0002094364899676293,0.00024792205658741295,256.0
0.22730255126953125,0.00021915217803325504,0.0002517930406611413,256.0
0.22774410247802734,0.00021228991681709886,0.0002558818378020078,256.0
0.3049638271331787,0.00021135729912202805,0.00024830526672303677,256.0
0.28777265548706055,0.00021022747387178242,0.0002496200322639197,256.0
0.27229905128479004,0.00021250155987218022,0.0002586465561762452,256.0
0.2864105701446533,0.00021182518685236573,0.0002491298073437065,256.0
0.23940610885620117,0.00020981262787245214,0.0002438003575662151,256.0
0.3023223876953125,0.00020975631196051836,0.0002439130621496588,256.0
0.29206323623657227,0.00020894271438010037,0.00025080115301534534,256.0
0.30063486099243164,0.0002095427189487964,0.00024964497424662113,256.0
0.27326321601867676,0.00021052169904578477,0.00025086000096052885,256.0
0.2518889904022217,0.00020889427105430514,0.0002483152493368834,256.0
0.2440626621246338,0.00020986581512261182,0.0002619729202706367,256.0
0.2330615520477295,0.00020701202447526157,0.00024891371140256524,256.0
0.24620580673217773,0.0002094753726851195,0.00025547295808792114,256.0
0.22875332832336426,0.00021230334823485464,0.00024853734066709876,256.0
0.2415790557861328,0.00020792732539121062,0.00024345800920855254,256.0
0.236663818359375,0.00020532951748464257,0.0002499505935702473,256.0
0.23180913925170898,0.0002089233457809314,0.0002561034925747663,256.0
0.22739791870117188,0.0002095619565807283,0.0002618837170302868,256.0
0.24486851692199707,0.00021004470181651413,0.0002477910020388663,256.0
0.24347710609436035,0.0002081289712805301,0.000255829218076542,256.0
0.24365782737731934,0.00020783673971891403,0.00026556410011835396,256.0
0.2435762882232666,0.00020898811635561287,0.00025060956249944866,256.0
0.23926043510437012,0.00021211862622294575,0.0002473609638400376,256.0
0.2500460147857666,0.00020706337818410248,0.00025703595019876957,256.0
0.2378227710723877,0.00020848657004535198,0.00025270518381148577,256.0
0.24834370613098145,0.00021251641737762839,0.0002530004130676389,256.0
0.2606651782989502,0.00020844336540903896,0.0002444983401801437,256.0
0.2335970401763916,0.00020345012308098376,0.000257219304330647,256.0
0.2480456829071045,0.00020634481916204095,0.0002563664165791124,256.0
0.24593353271484375,0.00020303751807659864,0.00024455375387333333,256.0
0.30197572708129883,0.00020469166338443756,0.00024315764312632382,256.0
0.3669469356536865,0.00020269829838071018,0.00024796483921818435,256.0
0.35686826705932617,0.00020595458045136184,0.00025576967163942754,256.0
0.38979291915893555,0.00020702095935121179,0.0002586827031336725,256.0
0.3298962116241455,0.00020765699446201324,0.000246717274421826,256.0
0.3689615726470947,0.0002067319001071155,0.0002569312055129558,256.0
0.3736727237701416,0.00020359869813546538,0.0002467698068358004,256.0
0.3926205635070801,0.00020718526502605528,0.00024249556008726358,256.0
0.37446093559265137,0.00020735868019983172,0.00025958899641409516,256.0
0.32872486114501953,0.00020469141600187868,0.0002444972633384168,256.0
0.31501340866088867,0.00020401051733642817,0.00024184846552088857,256.0
0.3016808032989502,0.00020088597375433892,0.000247607211349532,256.0
0.29906177520751953,0.00020309415413066745,0.00024905582540668547,256.0
0.315335750579834,0.0002014160418184474,0.0002525855088606477,256.0
0.30377817153930664,0.00020441155356820673,0.00032736780121922493,256.0
0.3096909523010254,0.0002041316474787891,0.00025082670617848635,256.0
0.3270838260650635,0.00020211254013702273,0.00025229883613064885,256.0
0.3188915252685547,0.00020194481476210058,0.00024218497856054455,256.0
0.3261377811431885,0.0002027134905802086,0.00027649026014842093,256.0
0.32924890518188477,0.0002053610369330272,0.0002505131997168064,256.0
0.3354032039642334,0.00020171549113001674,0.0002517893153708428,256.0
0.3031630516052246,0.00020208465866744518,0.00024568982189521194,256.0
0.31830406188964844,0.00020593400404322892,0.0002590835792943835,256.0
0.3150498867034912,0.00020232307724654675,0.0002405685227131471,256.0
0.314530611038208,0.00019859714666381478,0.0002425915445201099,256.0
0.35973381996154785,0.00020582355500664562,0.0002500536502338946,256.0
0.36635851860046387,0.0002001554676098749,0.00024038740957621485,256.0
0.3385169506072998,0.00020065833814442158,0.0002481206029187888,256.0
0.3563973903656006,0.00020054167544003576,0.0002492758503649384,256.0
0.31833934783935547,0.00020040059462189674,0.00025249685859307647,256.0
0.36933016777038574,0.00020268172374926507,0.00024172842677216977,256.0
0.3764925003051758,0.00020425791444722563,0.00025569985155016184,256.0
0.3642237186431885,0.00019882770720869303,0.00023339048493653536,256.0
0.34189915657043457,0.00019772887753788382,0.00024608246167190373,256.0
0.3376638889312744,0.00019748865452129394,0.00023765959485899657,256.0
0.3043200969696045,0.00019596236234065145,0.00023752580455038697,256.0
0.3163745403289795,0.0001951701269717887,0.00024750371812842786,256.0
0.3124985694885254,0.00019631338363979012,0.00024888545158319175,256.0
0.2991981506347656,0.00019543465168680996,0.00023908585717435926,256.0
0.3233642578125,0.0001935485051944852,0.00024171567929442972,256.0
0.30243825912475586,0.0001981461828108877,0.0002389938017586246,256.0
0.3052639961242676,0.0001970481243915856,0.00025142033700831234,256.0
0.3051624298095703,0.00019958453776780516,0.0002558226988185197,256.0
0.29769110679626465,0.00019477144815027714,0.00023792470165062696,256.0
0.31525683403015137,0.00019985807011835277,0.0002485424920450896,256.0
0.28456950187683105,0.00019414541020523757,0.00024533571559004486,256.0
0.2937910556793213,0.0001932069135364145,0.0002495337394066155,256.0
0.3072226047515869,0.0001921535877045244,0.00023305969079956412,256.0
0.316464900970459,0.00019286955648567528,0.0002550025237724185,256.0
0.2985210418701172,0.0001924163952935487,0.00023710441018920392,256.0
0.32605648040771484,0.00019362542661838233,0.0002333614247618243,256.0
0.36405110359191895,0.00019208088633604348,0.0002465744037181139,256.0
0.34981775283813477,0.00019309863273520023,0.00024333447800017893,256.0
0.3524594306945801,0.00019233356579206884,0.00024240079801529646,256.0
0.31798768043518066,0.0001901251234812662,0.0002509343612473458,256.0
0.3334827423095703,0.00018978759180754423,0.00024240536731667817,256.0
0.3613626956939697,0.0001918223570100963,0.00024159370514098555,256.0
0.3925471305847168,0.00019136905029881746,0.00023088093439582735,256.0
0.35413050651550293,0.00019131881708744913,0.00023312641133088619,256.0
0.33371734619140625,0.0001881186617538333,0.00023204607714433223,256.0
0.31389832496643066,0.00019207908189855516,0.00024178941384889185,256.0
0.30367588996887207,0.00019432151748333126,0.00024169395328499377,256.0
0.29839301109313965,0.00019481284834910184,0.0002565406321082264,256.0
0.3061060905456543,0.00019203881674911827,0.00024524598848074675,256.0
0.313457727432251,0.0001895053283078596,0.00022959342459216714,256.0
0.30135250091552734,0.00019069164409302175,0.00027048061019741,256.0
0.31407618522644043,0.00019166339188814163,0.00023490279272664338,256.0
0.3049805164337158,0.00018778663070406765,0.0002357551857130602,256.0
0.30901050567626953,0.00018773316696751863,0.00023179840354714543,256.0
0.31134819984436035,0.00018744650878943503,0.0002296777383890003,256.0
0.29744577407836914,0.00018884344899561256,0.000244426861172542,256.0
0.3114912509918213,0.00019178297952748835,0.0002480401599314064,256.0
0.30159568786621094,0.0001891711144708097,0.000250661134487018,256.0
0.293414831161499,0.00019121520745102316,0.00022436400467995554,256.0
0.3036990165710449,0.00018884747987613082,0.00022528672707267106,256.0
0.30440258979797363,0.00018640195776242763,0.0002343875094084069,256.0
0.3442976474761963,0.00019283861911389977,0.00023064904962666333,256.0
0.36391520500183105,0.00018850401102099568,0.00022897342569194734,256.0
0.3379216194152832,0.0001907546102302149,0.0002270155237056315,256.0
0.36528921127319336,0.00018807219748850912,0.0002522720315027982,256.0
0.3087782859802246,0.00018764141714200377,0.00022683445422444493,256.0
0.3726236820220947,0.00019086744578089565,0.00023383066582027823,256.0
0.36432480812072754,0.00018561439355835319,0.0002309837145730853,256.0
0.3618447780609131,0.0001840510667534545,0.00024153311096597463,256.0
0.3384981155395508,0.00018579929019324481,0.00022412122052628547,256.0
0.31539082527160645,0.00018803216516971588,0.00022759547573514283,256.0
0.31432294845581055,0.00018391828052699566,0.00022433731646742672,256.0
0.30820608139038086,0.0001899698399938643,0.00023063500702846795,256.0
0.3082454204559326,0.00018393193022347987,0.00022541308135259897,256.0
0.29094433784484863,0.00018498694407753646,0.0002267443633172661,256.0
0.2884209156036377,0.00018920602451544255,0.0002497889508958906,256.0
0.31520771980285645,0.0001862019853433594,0.00024122900504153222,256.0
0.294389009475708,0.00019179497030563653,0.0002220808673882857,256.0
0.31223106384277344,0.0001852988061727956,0.00022654396889265627,256.0
0.30122923851013184,0.00018253827875014395,0.000218783927266486,256.0
0.30722808837890625,0.00018271141743753105,0.00022957917826715857,256.0
0.3118624687194824,0.00018473250383976847,0.00022700241243001074,256.0
0.28336405754089355,0.00018529112276155502,0.00023655479890294373,256.0
0.3135514259338379,0.00018789041496347636,0.00022379223082680255,256.0
0.30525875091552734,0.00018143939087167382,0.00021773709158878773,256.0
0.2854926586151123,0.00018570235988590866,0.00022041900956537575,256.0
0.30181312561035156,0.00018599224858917296,0.00024337838112842292,256.0
0.3693995475769043,0.0001841042540036142,0.0002248599921585992,256.0
0.35495781898498535,0.0001849858817877248,0.00024000114353839308,256.0
0.34801459312438965,0.00018423436267767102,0.00022401339083444327,256.0
0.36796092987060547,0.0001849023246904835,0.00022427274961955845,256.0
0.34190893173217773,0.00018785675638355315,0.00023701439204160124,256.0
0.3640098571777344,0.0001824150822358206,0.00023128156317397952,256.0
0.3637363910675049,0.00018351398466620594,0.0002308319672010839,256.0
0.3530912399291992,0.000184123549843207,0.0002266234951093793,256.0
0.3336479663848877,0.00018666712276171893,0.000219052322790958,256.0
0.31226205825805664,0.0001826806110329926,0.00022654006897937506,256.0
0.3025200366973877,0.00018407379684504122,0.0002248485543532297,256.0
0.29203009605407715,0.00018446825561113656,0.00022724880545865744,256.0
0.30514955520629883,0.00018525583436712623,0.0002539924462325871,256.0
0.2997887134552002,0.00018489311332814395,0.00023921779938973486,256.0
0.31767988204956055,0.00018784588610287756,0.0002279342879774049,256.0
0.31604647636413574,0.00018259917851537466,0.00027702050283551216,256.0
0.3019399642944336,0.00018270252621732652,0.0002369137800997123,256.0
0.28622007369995117,0.00018515285046305507,0.00021911811199970543,256.0
0.2887613773345947,0.00017978937830775976,0.0002263308415422216,256.0
0.30869197845458984,0.00018292632012162358,0.00023690647503826767,256.0
0.30827903747558594,0.0001827132946345955,0.00023483979748561978,256.0
0.29889512062072754,0.0001825512299546972,0.00023093997151590884,256.0
0.29857563972473145,0.00018459541024640203,0.00022084821830503643,256.0
0.2973475456237793,0.0001811895053833723,0.00022507167886942625,256.0
0.3068995475769043,0.00018594016728457063,0.0002296002785442397,256.0
0.3161594867706299,0.00018354118219576776,0.00022989464923739433,256.0
0.3650383949279785,0.0001815354626160115,0.00022112036822363734,256.0
0.3507113456726074,0.00018123703193850815,0.00021878881671000272,256.0
0.3551042079925537,0.00018081105372402817,0.0002245935465907678,256.0
0.336378812789917,0.00018207727407570928,0.00029568004538305104,256.0
0.3410835266113281,0.00017943062994163483,0.0002198260190198198,256.0
0.37076807022094727,0.00017833636957220733,0.00022790512593928725,256.0
0.3595905303955078,0.00018064519099425524,0.0002198721922468394,256.0
0.34734272956848145,0.00018485116015654057,0.000225116586079821,256.0
0.3273327350616455,0.0001815763534978032,0.00022030893887858838,256.0
0.3058469295501709,0.00018053042003884912,0.00022616794740315527,256.0
0.29883408546447754,0.00017999856208916754,0.00021768776059616357,256.0
0.3058333396911621,0.0001784385385690257,0.00021927371562924236,256.0
0.3093857765197754,0.00017978684627451003,0.00023657799465581775,256.0
0.28908514976501465,0.0001809835812309757,0.00024642745847813785,256.0
0.29499387741088867,0.00017988828767556697,0.00022831972455605865,256.0
0.3062269687652588,0.00018013491353485733,0.00022125804389361292,256.0
0.2871243953704834,0.00018023750453721732,0.00024438078980892897,256.0
0.29949307441711426,0.0001799436577130109,0.00023539972607977688,256.0
0.29773402214050293,0.0001798589655663818,0.0002286718663526699,256.0
0.29393672943115234,0.00017979892436414957,0.0002315491292392835,256.0
0.30628252029418945,0.00017788440163712949,0.00021997513249516487,256.0
0.2985992431640625,0.0001815673167584464,0.00023193536617327482,256.0
0.2930419445037842,0.00018104864284396172,0.00021492164523806423,256.0
0.31783032417297363,0.00017725196084938943,0.00021549912344198674,256.0
0.29900598526000977,0.00017757857858669013,0.00023867284471634775,256.0
0.3446495532989502,0.00017808536358643323,0.00022154404723551124,256.0
0.3903815746307373,0.00017835854669101536,0.00022067895042710006,256.0
0.342357873916626,0.00017699187446851283,0.00022288237232714891,256.0
0.3498506546020508,0.00018136092694476247,0.00022107180848252028,256.0
0.32610535621643066,0.00017707662482280284,0.000237048021517694,256.0
0.34270739555358887,0.00017385416140314192,0.00022450335382018238,256.0
0.36705684661865234,0.00017853089957498014,0.00022245800937525928,256.0
0.35334157943725586,0.00017807730182539672,0.00022275636729318649,256.0
0.3359253406524658,0.0001769559021340683,0.0002529564080759883,256.0
0.3269822597503662,0.00018043383897747844,0.0002233272243756801,256.0
0.28911280632019043,0.00017482023395132273,0.00022553042799700052,256.0
0.3239314556121826,0.00017816635954659432,0.00023150558990892023,256.0
0.30190253257751465,0.0001759029401000589,0.00021999953605700284,256.0
0.29667162895202637,0.00017391015717294067,0.0002612232055980712,256.0
0.3111550807952881,0.0001766991917975247,0.00022736648679710925,256.0
0.2938964366912842,0.00017787140677683055,0.00022868996893521398,256.0
0.30443620681762695,0.00017554732039570808,0.00021863062283955514,256.0
0.3109316825866699,0.00017637317068874836,0.00021806490258313715,256.0
0.28731369972229004,0.00017499249952379614,0.0002197864232584834,256.0
0.2924482822418213,0.00017455450142733753,0.00021763551922049373,256.0
0.3049948215484619,0.00017438821669202298,0.00023743929341435432,256.0
0.2933835983276367,0.00017915274656843394,0.0002216003049397841,256.0
0.31116437911987305,0.00017471890896558762,0.00022370018996298313,256.0
0.31671643257141113,0.00017822028894443065,0.00022208421432878822,256.0
0.2923309803009033,0.000174459841218777,0.0002255295548820868,256.0
0.3092803955078125,0.00017286041111219674,0.00021533419203478843,256.0
0.33883237838745117,0.00017497967928647995,0.00022687208547722548,256.0
0.37314295768737793,0.0001743179454933852,0.0002393158501945436,256.0
0.33731627464294434,0.00017695959832053632,0.00021551914687734097,256.0
0.35393404960632324,0.0001741397281875834,0.0002204207848990336,256.0
0.30809569358825684,0.000176868328708224,0.00022046695812605321,256.0
0.3669426441192627,0.00017282398766838014,0.00023727737425360829,256.0
0.36392807960510254,0.0001723939785733819,0.00025705451844260097,256.0
0.3642842769622803,0.00017489098536316305,0.0002275376027682796,256.0
0.3314549922943115,0.0001738369173835963,0.00022551704023499042,256.0
0.33480167388916016,0.0001726446207612753,0.0002351756556890905,256.0
0.29921817779541016,0.0001724707253742963,0.00022078727488406003,256.0
0.29805827140808105,0.00017311767442151904,0.00023369875270873308,256.0
0.2974400520324707,0.0001716182887321338,0.00022381606686394662,256.0
0.2918369770050049,0.00017338797624688596,0.0002359581703785807,256.0
0.30150747299194336,0.00017503781418781728,0.0002183433243772015,256.0
0.29347991943359375,0.00017319369362667203,0.00022173512843437493,256.0
0.3065762519836426,0.00017474380729254335,0.00022680546680931002,256.0
0.2935473918914795,0.00017261401808355004,0.00022777527919970453,256.0
0.31858038902282715,0.00017306138761341572,0.0002230253303423524,256.0
0.3067607879638672,0.00017463057884015143,0.00022668586461804807,256.0
0.2939472198486328,0.00017307863163296133,0.00023312740086112171,256.0
0.28992247581481934,0.00017423676035832614,0.00022717579849995673,256.0
0.29513049125671387,0.0001738212740747258,0.00024267996195703745,256.0
0.2974233627319336,0.00017214233230333775,0.0002278527244925499,256.0
0.306821346282959,0.00017470383318141103,0.0002162232849514112,256.0
0.3094785213470459,0.00017102631682064384,0.00023056272766552866,256.0
0.3551666736602783,0.0001722452143440023,0.00022742630972061306,256.0
0.3566629886627197,0.00017093971837311983,0.0002265995426569134,256.0
0.3419456481933594,0.00017290981486439705,0.00021653987641911954,256.0
0.3593289852142334,0.00016891334962565452,0.0002212623367086053,256.0
0.3190889358520508,0.00017458360525779426,0.00023099347890820354,256.0
0.37070131301879883,0.00017514973296783864,0.00022199575323611498,256.0
0.36931848526000977,0.00016978986968751997,0.00022134820756036788,256.0
0.35364627838134766,0.00017018655489664525,0.0002317646285519004,256.0
0.3398318290710449,0.00017236541316378862,0.0002316435129614547,256.0
0.30094218254089355,0.00017093849601224065,0.00022830819943919778,256.0
0.3059685230255127,0.00017085981380660087,0.0002222043403889984,256.0
0.30895256996154785,0.0001703951566014439,0.0002183443575631827,256.0
0.3096015453338623,0.00017028111324179918,0.0002212224790127948,256.0
0.2979898452758789,0.00017007338465191424,0.00022566247207578272,256.0
0.2929651737213135,0.0001710655342321843,0.00022659871319774538,256.0
0.31067728996276855,0.0001713824167381972,0.0002213228290202096,256.0
0.29296278953552246,0.00017060310347005725,0.00023748516105115414,256.0
0.30519723892211914,0.00016830074309837073,0.00022046524100005627,256.0
0.29218292236328125,0.0001705671165836975,0.00022373486717697233,256.0
0.298997163772583,0.00017242826288565993,0.0002256779553135857,256.0
0.30602264404296875,0.00017130307969637215,0.00022082733630668372,256.0
0.29941225051879883,0.00017234610277228057,0.0002201849565608427,256.0
0.2931225299835205,0.0001689720811555162,0.00022381993767339736,256.0
0.3001739978790283,0.0001691640936769545,0.00023226032499223948,256.0
0.2962198257446289,0.00017365181702189147,0.00022483740758616477,256.0
0.31906771659851074,0.00017037651559803635,0.00022446615912485868,256.0
0.35810065269470215,0.00016776238044258207,0.0002348239504499361,256.0
0.34729576110839844,0.0001695553946774453,0.00021854916121810675,256.0
0.3466191291809082,0.00016902992501854897,0.00022393700783140957,256.0
0.3444814682006836,0.00016888833488337696,0.00023039481311570853,256.0
0.33205294609069824,0.00017073929484467953,0.0002246596704935655,256.0
0.3613734245300293,0.0001681031280895695,0.0002189995429944247,256.0
0.35748720169067383,0.00016877500456757843,0.0002489621692802757,256.0
0.3499908447265625,0.00016972541925497353,0.00021837311214767396,256.0
0.3412177562713623,0.00016765545296948403,0.00023484983830712736,256.0
0.29714441299438477,0.00016913417493924499,0.00022517592879012227,256.0
0.3217124938964844,0.00016981697990559042,0.00022168419673107564,256.0
0.30739545822143555,0.0001677560358075425,0.00023274037812370807,256.0
0.3116621971130371,0.00017046915309038013,0.000236861189478077,256.0
0.28859901428222656,0.00016834866255521774,0.00022679306857753545,256.0
0.30960607528686523,0.0001694927632343024,0.0002199985465267673,256.0
0.29864501953125,0.00016399072774220258,0.00023374018201138824,256.0
0.29108309745788574,0.00016809078806545585,0.0002269230899401009,256.0
0.2938072681427002,0.0001656187669141218,0.00023097671510186046,256.0
0.2991502285003662,0.00016801223682705313,0.00022361947048921138,256.0
0.29579734802246094,0.00016797176795080304,0.00022759111016057432,256.0
0.29297637939453125,0.00016612611943855882,0.00022209515736903995,256.0
0.2920711040496826,0.00016565568512305617,0.0002246852673124522,256.0
0.2931175231933594,0.0001641403214307502,0.00023051096650306135,256.0
0.30734944343566895,0.00017334373842459172,0.00022623920813202858,256.0
0.3004007339477539,0.00016917995526455343,0.00022425685892812908,256.0
0.3315563201904297,0.00016731698997318745,0.00022766002803109586,256.0
0.36307334899902344,0.0001646006276132539,0.00023877645435277373,256.0
0.3368954658508301,0.00016662743291817605,0.0002193815162172541,256.0
0.3617548942565918,0.00016605302516836673,0.0002194934495491907,256.0
0.31202077865600586,0.00016602875257376581,0.00022004802303854376,256.0
0.34153056144714355,0.00016662593407090753,0.00022449198877438903,256.0
0.3591756820678711,0.0001638067333260551,0.00022893618734087795,256.0
0.35096001625061035,0.00016500217316206545,0.00022473072749562562,256.0
0.33672380447387695,0.0001648449688218534,0.0002237063745269552,256.0
0.3214423656463623,0.0001651202328503132,0.0002334918681299314,256.0
0.2972748279571533,0.000165795543580316,0.00021611237025354058,256.0
0.2953829765319824,0.00016955402679741383,0.00023892070748843253,256.0
0.29875898361206055,0.000165583158377558,0.00021935184486210346,256.0
0.2972300052642822,0.00016496125317644328,0.000216322805499658,256.0
0.3067493438720703,0.00016372099344152957,0.00021974586707074195,256.0
0.3012239933013916,0.00016344935283996165,0.00022129165881779045,256.0
0.3072779178619385,0.00016474458971060812,0.00021832904894836247,256.0
0.29550909996032715,0.00016282651631627232,0.00021981795725878328,256.0
0.3109934329986572,0.000161076954100281,0.0002417396317468956,256.0
0.2933497428894043,0.0001661003625486046,0.00022278993856161833,256.0
0.30893421173095703,0.0001654293737374246,0.00022183888358995318,256.0
0.2930786609649658,0.00016616421635262668,0.00023618155682925135,256.0
0.28218817710876465,0.0001633769425097853,0.00022960583737585694,256.0
0.30530643463134766,0.0001634380896575749,0.00021688177366741002,256.0
0.292553186416626,0.00016308805788867176,0.0002236901636933908,256.0
0.29953908920288086,0.0001630819315323606,0.00022082397481426597,256.0
0.34391069412231445,0.0001638936810195446,0.0002268919488415122,256.0
0.3640100955963135,0.00016383934416808188,0.0002160250733140856,256.0
0.3424665927886963,0.0001618282840354368,0.00023314289865083992,256.0
0.3835330009460449,0.00016489687550347298,0.00023275996500160545,256.0
0.3300957679748535,0.00016416862490586936,0.00022139068460091949,256.0
0.3646872043609619,0.00016380456509068608,0.00024155352730304003,256.0
0.36931681632995605,0.00016299773415084928,0.00022733530204277486,256.0
0.3612847328186035,0.00016097248590085655,0.00021584253408946097,256.0
0.3500823974609375,0.00016253288777079433,0.0002151245134882629,256.0
0.3267099857330322,0.0001619787362869829,0.0002669506357051432,256.0
0.29348230361938477,0.0001647846947889775,0.00021731296146754175,256.0
0.2930922508239746,0.00016101499204523861,0.0002177071146434173,256.0
0.29334568977355957,0.00016049334954004735,0.000222002126974985,256.0
0.2985520362854004,0.00016164942644536495,0.00021951664530206472,256.0
0.31382060050964355,0.0001610536710359156,0.00022105584503151476,256.0
0.29082155227661133,0.00016577777569182217,0.00021892006043344736,256.0
0.29953670501708984,0.0001629290491109714,0.00021873410150874406,256.0
0.29388952255249023,0.00016118233907036483,0.0002224167692475021,256.0
0.2867920398712158,0.00016083927766885608,0.00022192629694472998,256.0
0.2965247631072998,0.00016413281264249235,0.00022205771529115736,256.0
0.28314638137817383,0.00016128725837916136,0.0002165313926525414,256.0
0.29651403427124023,0.0001627372985240072,0.00021852029021829367,256.0
0.3134121894836426,0.00016041213530115783,0.00022200871899258345,256.0
0.3050496578216553,0.00016110084834508598,0.00021220219787210226,256.0
0.3002803325653076,0.00016124830290209502,0.00022698302927892655,256.0
0.294325590133667,0.0001601573167135939,0.00021506230405066162,256.0
0.35495567321777344,0.00015962212637532502,0.00022621711832471192,256.0
0.3602302074432373,0.00015906807675492018,0.00022254069335758686,256.0
0.3391151428222656,0.00016068460536189377,0.00021443673176690936,256.0
0.3553335666656494,0.00016125646652653813,0.00021971773821860552,256.0
0.3079817295074463,0.00015852741489652544,0.00021806212316732854,256.0
0.36754870414733887,0.00015981019532773644,0.00021572329569607973,256.0
0.365161657333374,0.0001605785364517942,0.00022367671772371978,256.0
0.3578653335571289,0.00015887035988271236,0.0002140778669854626,256.0
0.33737683296203613,0.00015771298785693944,0.00021206382371019572,256.0
0.31540632247924805,0.00015672322479076684,0.0002140066062565893,256.0
0.3083078861236572,0.000159634932060726,0.00021149733220227063,256.0
0.29914212226867676,0.0001573045301483944,0.0002147386403521523,256.0
0.31350088119506836,0.0001598451635800302,0.00022332352818921208,256.0
0.28646373748779297,0.00016094426973722875,0.00024392962222918868,256.0
0.2978689670562744,0.00016073865117505193,0.00022145074035506696,256.0
0.2982497215270996,0.0001639484689803794,0.00024330700398422778,256.0
0.293565034866333,0.00016172246250789613,0.00021880425629206002,256.0
0.29676246643066406,0.00015949830412864685,0.00021835514053236693,256.0
0.2929837703704834,0.00016420510655734688,0.00022405077470466495,256.0
0.3001515865325928,0.0001622596028028056,0.0002217988221673295,256.0
0.33008813858032227,0.00016082458023447543,0.00021544106130022556,256.0
0.29125452041625977,0.00015881385479588062,0.0002214990381617099,256.0
0.30801987648010254,0.00016124390822369605,0.00021274539176374674,256.0
0.31404972076416016,0.0001570430031279102,0.0002137473929906264,256.0
0.29891085624694824,0.00015602982603013515,0.0002324634260730818,256.0
0.307863712310791,0.00015848185284994543,0.0002205088676419109,256.0
0.3624861240386963,0.000157178335939534,0.0002134734095307067,256.0
0.3463709354400635,0.00015716903726570308,0.00022513148724101484,256.0
0.3475477695465088,0.00015790895849931985,0.00021793365885969251,256.0
0.3332087993621826,0.00015871110372245312,0.0002270445111207664,256.0
0.3402068614959717,0.00016139827494043857,0.0002212536783190444,256.0
0.36734652519226074,0.00015631894348189235,0.00021360782557167113,256.0
0.36707234382629395,0.00015783279377501458,0.0002191071107517928,256.0
0.34716200828552246,0.00015588746464345604,0.0002123629383277148,256.0
0.3429398536682129,0.0001597258378751576,0.00021826288138981909,256.0
0.30355310440063477,0.00015510122466366738,0.00021948714856989682,256.0
0.2985057830810547,0.00015683851961512119,0.0002194861153839156,256.0
0.29840922355651855,0.00015577521116938442,0.00022460702166426927,256.0
0.29859137535095215,0.00015678125782869756,0.00022167588758748025,256.0
0.30248069763183594,0.0001571163156768307,0.0002131977234967053,256.0
0.29317808151245117,0.0001537064672447741,0.00024014999507926404,256.0
0.30817437171936035,0.00015740453090984374,0.00023141471319831908,256.0
0.3063192367553711,0.00015739523223601282,0.00023322366178035736,256.0
0.2925608158111572,0.0001575280912220478,0.00021892516815569252,256.0
0.3087162971496582,0.0001554627961013466,0.00022412253019865602,256.0
0.2938833236694336,0.0001614412321941927,0.00021957432909402996,256.0
0.2986624240875244,0.00015748960140626878,0.00021528745128307492,256.0
0.2977466583251953,0.00015500072913710028,0.00022167313727550209,256.0
0.29384899139404297,0.00015480152796953917,0.0002186037745559588,256.0
0.31549906730651855,0.00015554444689769298,0.0002173157554352656,256.0
0.2941277027130127,0.0001538663200335577,0.00021893923985771835,256.0
0.32732701301574707,0.00015943981998134404,0.00021696928888559341,256.0
0.3623981475830078,0.00015379389515146613,0.0002184166805818677,256.0
0.3357090950012207,0.00015534661361016333,0.0002169059298466891,256.0
0.34267663955688477,0.00016161994426511228,0.00021163832570891827,256.0
0.32013869285583496,0.0001529291766928509,0.0002232227852800861,256.0
0.34002137184143066,0.00015557043661829084,0.00022054377768654376,256.0
0.354738712310791,0.00015346697182394564,0.0002210844832006842,256.0
0.35851168632507324,0.00015488409553654492,0.00021927544730715454,256.0
0.37278032302856445,0.0001537500647827983,0.0002291478158440441,256.0
0.33191585540771484,0.00015492031525354832,0.00023717075237073004,256.0
0.3159170150756836,0.00015518801228608936,0.00023383334337268025,256.0
0.3020436763763428,0.00015693761815782636,0.00024389231111854315,256.0
0.2946929931640625,0.00015560969768557698,0.00021838546672370285,256.0
0.2992849349975586,0.00015114755660761148,0.00023352996504399925,256.0
0.31777524948120117,0.00015447849000338465,0.0002205819182563573,256.0
0.2954227924346924,0.0001575047499500215,0.000258002954069525,256.0
0.30194902420043945,0.00015397786046378314,0.00021268372074700892,256.0
0.30989980697631836,0.00015724524564575404,0.00022701083798892796,256.0
0.30240678787231445,0.00015547411749139428,0.0002199522132286802,256.0
0.2993741035461426,0.0001532395981485024,0.00022094209271017462,256.0
0.29598546028137207,0.00015334287309087813,0.00021741796808782965,256.0
0.29375624656677246,0.00015226616233121604,0.00023578158288728446,256.0
0.29354357719421387,0.00015627755783498287,0.00021540289162658155,256.0
0.2923698425292969,0.00015602252096869051,0.00022028670355211943,256.0
0.2964909076690674,0.00015315873315557837,0.00022240917314775288,256.0
0.2991979122161865,0.0001538315846119076,0.00023911587777547538,256.0
0.336331844329834,0.00015643076039850712,0.00021651577844750136,256.0
0.3609471321105957,0.0001575914939166978,0.0002162921300623566,256.0
0.33428955078125,0.00015100277960300446,0.00022567922133021057,256.0
0.3499009609222412,0.00015136116417124867,0.0002345268876524642,256.0
0.30185556411743164,0.00015325155982282013,0.00022731789795216173,256.0
0.3614921569824219,0.0001534378679934889,0.00022029319370631129,256.0
0.36053967475891113,0.00015343946870416403,0.0002193822292611003,256.0
0.35834598541259766,0.00015309100854210556,0.00022373493993654847,256.0
0.3308887481689453,0.00015533016994595528,0.00021799442765768617,256.0
0.31839585304260254,0.00015085525228641927,0.0002255732542835176,256.0
0.2983272075653076,0.0001532896130811423,0.00022389527293853462,256.0
0.2928640842437744,0.00015273693134076893,0.0002173723914893344,256.0
0.2917203903198242,0.0001490081485826522,0.00022810338123235852,256.0
0.3002445697784424,0.00015076961426530033,0.00021793111227452755,256.0
0.294511079788208,0.00015382550191134214,0.00022711657220497727,256.0
0.29345154762268066,0.00015145244833547622,0.00021702777303289622,256.0
0.28653717041015625,0.00015142517804633826,0.00022286099556367844,256.0
0.28563547134399414,0.00015298886864911765,0.00024308188585564494,256.0
0.2971165180206299,0.00015053826791699976,0.0002262332127429545,256.0
0.2897040843963623,0.00015478607383556664,0.00025414113770239055,256.0
0.3313300609588623,0.00015272438758984208,0.00022787890338804573,256.0
0.29448628425598145,0.0001497395132901147,0.00021779353846795857,256.0
0.3083059787750244,0.0001495111355325207,0.00022139468637760729,256.0
0.29549622535705566,0.00014969753101468086,0.00024439161643385887,256.0
0.2931175231933594,0.00015242936206050217,0.0002263727510580793,256.0
0.29134559631347656,0.0001533825125079602,0.00023042746761348099,256.0
0.3447108268737793,0.00015287150745280087,0.0002301424538018182,256.0
0.36052441596984863,0.0001547036226838827,0.0002289492404088378,256.0
